par_id,rmse,nse,r,bias,mae,nmae
p0001,8.46194599613852,-1.80675314698281,0.503459106897696,7.22049328173396,7.26494833465701,0.746194619114925
p0002,6.92688402554373,-0.881750673620171,0.67340685624169,5.81133201748917,5.8574166180442,0.585549960481139
p0003,3.27800503212081,0.577852253406936,0.925740401795899,2.50609962252247,2.82724064742673,0.241561619507344
p0004,9.10122978597861,-2.24239499408564,0.459118314976697,7.66037595432037,7.68850526295593,0.761721807357885
p0005,7.90801593029963,-1.45685946187808,0.339346331293231,6.19539734465724,6.55356666977215,0.68991537307868
p0006,8.47485839532158,-1.81097455242891,0.554542017509951,7.23046556104039,7.25463786916163,0.713640851544877
p0007,5.69256061155708,-0.270220292264952,0.816302349776722,4.79724837407836,5.00456103501659,0.467409210629003
p0008,3.54129536380477,0.508175058494345,0.915124297342255,2.35131499894961,2.83803359889968,0.222980758521828
p0009,7.0556409854758,-0.94867184298502,0.77635472155163,6.29543489772733,6.3057577591342,0.617704102362176
p0010,5.30975107318566,-0.107627082879051,0.801063996180031,4.34257206737248,4.46633799472503,0.45881663576659
p0011,4.76082917755301,0.109700484103998,0.869150227936307,4.05400291999012,4.13255071892145,0.401821762547208
p0012,5.81495832944746,-0.328429334835674,0.632689414179367,4.23606483348991,4.50425150997415,0.465002599913231
p0013,3.60580521201376,0.489286077447478,0.846106711812166,-2.14591989145408,2.7077651400434,0.201907524656431
p0014,3.17960589862883,0.602815921106183,0.886068434088784,1.19439452812651,2.43274478306883,0.177917541148676
p0015,9.01459806244241,-2.1853448341959,0.397969541183218,7.65480503965473,7.71460546772138,0.792164566718
p0016,5.27626816017637,-0.0915415077743682,0.813144558648732,4.14792768583766,4.48128302069096,0.404433862340659
p0017,6.1737711422345,-0.497429195546467,0.69802561773543,5.00040928760628,5.09132823998947,0.523680356326378
p0018,4.15655596172554,0.32243102616251,0.895174431101816,3.16428700265799,3.57207448025278,0.295429253520182
p0019,3.660855590854,0.473485375263377,0.932643329547476,3.13456804277009,3.40022190083718,0.303370855543087
p0020,3.87613220944254,0.409741286224283,0.837087597755926,2.56295217492073,3.21507896591533,0.291650982719462
p0021,7.91738768286864,-1.46092758124688,0.364180758285564,6.26738877114866,6.56716389529874,0.689613575307082
p0022,3.68244568974018,0.467256764071654,0.880328786305454,2.70209765861672,2.99684992376284,0.283038541634978
p0023,6.38334515940863,-0.600552150953587,0.524604435650427,4.70414160785704,5.36343384499586,0.553019536971426
p0024,5.63136881009566,-0.243695862459478,0.843917645777868,4.92321960507129,4.98059997892777,0.479379455550036
p0025,9.52622758196243,-2.5517461020925,0.378905415540882,8.21461193790615,8.24915974764265,0.840438144789765
p0026,7.64204251690165,-1.2928739259932,0.250836350755299,5.57458397251937,6.32252632018352,0.662430823124898
p0027,7.52477944772748,-1.22450196626521,0.398033029629457,5.83057299500512,6.21083438691328,0.652077951599433
p0028,NA,NA,NA,NA,NA,NA
p0029,3.58729546957717,0.495254139718329,0.903320117749315,2.56455849191049,3.04791302134637,0.252057916438451
p0030,5.36458325586814,-0.130621456236078,0.723002228584177,4.06337880639441,4.21705828048326,0.4325279824627
p0031,8.48060988125719,-1.82093213883395,0.313016416447186,6.83730054692121,7.01980148281863,0.738061195357718
p0032,4.6701771624742,0.143135885261044,0.88874875792808,4.0567568896573,4.12871985046139,0.401044977597427
p0033,3.79396481646765,0.434500999383154,0.881770185989344,2.95484856987539,3.0689169874275,0.305822660940602
p0034,2.83113498226325,0.685156794700746,0.910028719311246,1.82132293994386,2.35615869690745,0.233298722062486
p0035,2.84215101050791,0.682701899873062,0.888231534766652,1.61180396237392,2.26706031123023,0.217408861241133
p0036,10.2555088617089,-3.1162945272254,0.226129905805129,8.76923970967566,8.81653767930189,0.906020284289438
p0037,7.44716442590956,-1.17884897718193,0.389062254124695,5.70630852287119,6.1667579858747,0.643545062129562
p0038,4.75412692239134,0.112687590158527,0.883893037692914,4.1221904050661,4.17505487244194,0.409345012975724
p0039,4.84038297511834,0.079540481782343,0.888756036887881,4.2053510094966,4.28242547177251,0.428557089362338
p0040,4.02884553586731,0.362420408522812,0.827860168695283,2.80016547453624,3.32573300603379,0.341109806594678
p0041,4.54077334719191,0.19054136425658,0.877352155551981,3.67805834137049,3.81430306340925,0.344455493645562
p0042,2.42460672915848,0.769083064512433,0.900157479442964,-0.935141047954001,1.68777562826771,0.127322505910748
p0043,3.67886166969432,0.468381495811726,0.888598149803945,2.66168254168051,3.08747484800963,0.323029917531454
p0044,4.01263812307785,0.367434891013003,0.90464574997121,3.33211457432174,3.48491407675084,0.34940249880416
p0045,5.95985640481323,-0.393762999051501,0.822327615077985,5.20433221405879,5.23988939854751,0.525890844866483
p0046,7.5159467322225,-1.21314522512179,0.669540658615086,6.49959246050525,6.51541668682192,0.654186664858094
p0047,7.0016143066431,-0.92561535242156,0.330994928265636,4.87505739094027,5.82970274729392,0.599767039301144
p0048,6.63735739957076,-0.724472084343928,0.833237498636434,6.01926606647593,6.02355706929936,0.58009563070475
p0049,3.96613052807494,0.382115673196959,0.833908487568533,2.81814415887749,3.15389477829772,0.321497066008833
p0050,7.55883269693182,-1.23653257113717,0.632767411517086,6.39545597096783,6.42695686236191,0.634857987076384
p0051,3.0711719313363,0.629444295490486,0.86919758076777,0.408787771300131,2.30664109652065,0.170933966160456
p0052,6.78440134896799,-0.807990885131326,0.399693419385218,4.79403116307542,5.5909051901655,0.577206212752105
p0053,7.64644609406588,-1.29701856824267,0.324976683660116,5.76443684255034,6.31523197448704,0.658477921244739
p0054,8.30708798319123,-1.70778987017562,0.322522108549752,6.65290339854289,6.8770032835675,0.723455972148184
p0055,3.31444292862969,0.568697111102301,0.884476321467839,2.32207569098961,2.63777286133191,0.254470229538234
p0056,3.39562342925551,0.547089680665442,0.917947260434323,2.60739852686872,2.91523645553574,0.297836552542486
p0057,3.16281799439439,0.607064221510633,0.862474662740901,-0.601432189690584,2.3335472719674,0.170021643654417
p0058,5.83049839575904,-0.335539089863852,0.745955106686392,4.76365704247138,4.85741197316371,0.500153781272263
p0059,2.5932588305583,0.735683642654106,0.932888581201535,1.70696836234953,2.16419202513026,0.183811339347776
p0060,5.98449682762387,-0.404563988745709,0.750393756451757,4.95259328219377,5.0054128307531,0.497559992327358
p0061,7.73628621108052,-1.35131221772446,0.385327906397575,6.08987917324749,6.43644369429035,0.674558439258001
p0062,3.88018423210617,0.408928928436053,0.835712489922262,0.334880075653789,3.0131660744461,0.21504984267207
p0063,4.02548956116405,0.363482156753195,0.775333020992536,2.45563806193862,3.09652690471254,0.311996929353839
p0064,7.87846583840368,-1.43853254408877,0.449230956446835,6.42566586080107,6.60663170212902,0.691674302478662
p0065,7.63405201848703,-1.28957815777249,0.494441166924277,6.22109987872432,6.39830381046863,0.664885395768939
p0066,2.79780860077392,0.692525449818909,0.887820113093176,1.51375996013836,2.28412442946588,0.2223847872876
p0067,3.22238148764899,0.592125005637655,0.868754742588898,2.02575679196318,2.620542927235,0.250258018223484
p0068,3.18641361908513,0.601113312111331,0.865318761448773,0.517685002525744,2.44128164938988,0.179178059456137
p0069,7.64331417672032,-1.29349836321444,0.513842272071145,6.27984420060966,6.42115922744884,0.666221983619934
p0070,4.28009436206896,0.280418713040446,0.784556364487525,-1.68410005038359,3.19123481461939,0.225819587717255
p0071,5.85678315667053,-0.344565641600216,0.795801317350726,4.73405176277574,4.97682849435264,0.452771672684179
p0072,6.05574595051022,-0.438207476635588,0.859563579871028,5.44827845897841,5.47176867205992,0.539326543732737
p0073,3.38453430057094,0.550700115196174,0.921208654663343,2.48936680429518,2.96119306884368,0.248243850570869
p0074,3.91651059312269,0.397479560688158,0.826652401667558,-2.22740391529971,3.01568141635262,0.229402051652327
p0075,9.18581770532486,-2.30919144000172,0.240943957343938,7.52346613260611,7.64705879466391,0.800605554511076
p0076,3.68348862211192,0.467885721566433,0.884017421351445,0.594481786235099,2.53001148132493,0.162198496425258
p0077,6.84550958856776,-0.841012807260924,0.506374009246798,5.25934315947921,5.712024613813,0.592905363277186
p0078,6.48896632896918,-0.653956999236581,0.422325374983664,4.50078759816094,5.482655134206,0.560844692757391
p0079,6.1762796436408,-0.496209370394155,0.838540846105047,5.4779558005463,5.50603301195648,0.55336314746247
p0080,5.02817253815807,0.00834909818710239,0.842940495235355,4.22255694833046,4.27414256185932,0.42195367115405
p0081,4.20390911385143,0.306146292857133,0.820274501544043,3.02164977579233,3.284045870893,0.32534466644991
p0082,7.34965703723324,-1.11846061713353,0.661503471962197,6.29875108364333,6.34723103495106,0.645128604027738
p0083,7.87393796474224,-1.4327714833716,0.473292903794986,6.45612259823218,6.59819128126866,0.684158788902771
p0084,3.27834512715468,0.577834716179844,0.834027220737607,1.40156937360981,2.6911590932275,0.234300889864829
p0085,8.07141108337294,-1.54971093692274,0.630421721014704,6.99659777834055,7.0153617069679,0.687953549801688
p0086,3.62595634107877,0.483844983420177,0.903851825872936,2.77195873513687,3.11828179240496,0.272760050635662
p0087,2.83400292755236,0.684466240050891,0.896677731974189,0.346863289178291,2.1263226378546,0.154524322672542
p0088,9.54913797963551,-2.57025665544929,0.315476285035196,8.13959666973987,8.19520636907909,0.843708220259212
p0089,7.70822667614888,-1.33021075416459,0.534841453233607,6.23706577188243,6.28084780509934,0.63469659853202
p0090,4.0772585602564,0.346896892854001,0.878112453967786,3.15316924586707,3.28342265904527,0.299496791096528
p0091,8.10225936775029,-1.57903672666133,0.363495087462084,6.49363842594005,6.7032737398829,0.707615583032979
p0092,7.0181082852753,-0.935019621406029,0.49182052577755,5.40192807272802,5.63178950065105,0.596709796988272
p0093,6.91919197829437,-0.874484532857657,0.759597683523467,6.06266377667538,6.07332828194543,0.588957857993643
p0094,2.67100678992839,0.719901192045102,0.887433345805,0.688142973795892,2.08344296137071,0.161693411606232
p0095,3.87799870328551,0.409558879782469,0.889243241931484,3.08969256228816,3.25914342335453,0.327816130346955
p0096,4.17075911404026,0.31630480982424,0.846622791582006,3.18957856384528,3.37018127632042,0.342322142142918
p0097,4.5958565509845,0.17078348911284,0.822737985750898,-1.20263216863945,3.60547456650003,0.255644294650121
p0098,6.16577465828918,-0.490944729615803,0.857837608952917,5.56541707166145,5.59952953780031,0.55062286911744
p0099,8.23190721661778,-1.66223370231288,0.246372318999789,6.31907426369562,6.75981579631353,0.711466499376134
p0100,6.10774605695334,-0.461519014908653,0.804652267237843,5.20435666762734,5.25730678706819,0.494096757348797
p0101,5.34702019588616,-0.123230512187031,0.716130306201052,3.98784176627178,4.1769612652847,0.425657429295582
p0102,5.22513078615446,-0.0718384743562497,0.831401452152347,4.3523696553544,4.47974291401083,0.423639591135459
p0103,7.44220242623776,-1.17594643723757,0.386089958060976,5.73699797316516,6.20311148946973,0.652510370289074
p0104,7.93629033444133,-1.47013871122337,0.53777102186483,6.52633268992417,6.57411805594129,0.656889476230844
p0105,5.80048629031373,-0.321825277877768,0.642100713357071,4.28014773061447,4.6104231404246,0.470363443699422
p0106,3.88422196564364,0.407373247220709,0.889078433045759,3.10164154253748,3.33437788475551,0.330303765461225
p0107,7.21349494547437,-1.0409385611814,0.590504998232443,5.82658058753657,5.88697783114747,0.593580719187746
p0108,7.91148329972943,-1.45068183308341,0.75123919470904,7.16257378626088,7.173906015391,0.709055597448606
p0109,3.64923012587235,0.476910893281441,0.86532259116759,2.56350723720946,3.0778014722357,0.310662097445234
p0110,2.69436823115743,0.714793682077103,0.929859238691919,1.67367650590414,2.19477244462016,0.180072386448779
p0111,6.86578964118796,-0.851620266279271,0.577713399097056,5.40296213003583,5.52866513591994,0.565017428827065
p0112,4.1658440230286,0.319555754648355,0.92421073355294,3.6924917897083,3.73683407690277,0.355314692360678
p0113,3.5078629748573,0.51657346544623,0.872992213828339,2.46147480385041,2.84539532112527,0.275072566661307
p0114,3.5764127781868,0.497278353861009,0.845937389670961,-0.966368206615682,2.67396702185508,0.189808616633684
p0115,5.69918908087663,-0.276060821735911,0.816180663904316,4.83833003115158,4.93714233697427,0.505234138328818
p0116,5.47571233953705,-0.175892166005868,0.857979077785663,4.79451684507021,4.82057606704017,0.457236584199921
p0117,8.30902622628839,-1.70178674960665,0.581277170469172,7.15861155355504,7.18408309337772,0.708686685162159
p0118,3.5392756920572,0.507958244041297,0.838046334936333,-1.14762098113984,2.55558041425206,0.181654798763711
p0119,3.41621543625563,0.541579875823447,0.889083982690233,2.51644787278907,2.7791223789433,0.276142539287842
p0120,2.86668341039459,0.67720065907476,0.866031600159843,-0.673447570428778,2.03494712850986,0.152239282159604
p0121,2.92827038207407,0.663125922527716,0.88142034079519,0.558110009645176,2.23052943101724,0.166866225858355
p0122,3.99199398900023,0.373926962469534,0.894496702000859,3.19102485592263,3.39824233251296,0.349064787758176
p0123,3.03627432847791,0.637877768184614,0.905222718881872,2.03459831780015,2.52137752985187,0.256361307778471
p0124,4.21219282174236,0.303069196257948,0.858871307670557,3.31998442731643,3.55887697387893,0.350541224807064
p0125,6.64216041113537,-0.730234497909358,0.779664319642151,5.83796537854287,5.862773740761,0.581492318176787
p0126,2.17216580953543,0.81466428406258,0.917231332185037,-0.691040870917175,1.39793851118275,0.102309021529256
p0127,4.64740600992917,0.15147142131486,0.870503382626007,3.89726239175194,4.07088727790432,0.407764127965264
p0128,6.83986625982724,-0.832895673601345,0.707353939535888,5.81654482771397,5.86395243857881,0.580677220684221
p0129,2.56144434989301,0.742240255182386,0.914864600281661,0.92777967490703,1.96892312251528,0.15006808783995
p0130,6.22519632912669,-0.522226500721552,0.479722561460582,4.2900283385094,5.11349430228294,0.52790930938781
p0131,4.22812563083092,0.297786880500514,0.869363850661657,3.24936940204933,3.6028276831232,0.372331233343994
p0132,9.29363758336844,-2.38094611631108,0.428183894750477,7.97907217989248,8.01297928396032,0.803822452302624
p0133,2.99897412792591,0.646661727204193,0.866630544207677,0.421563738855153,2.29553338470187,0.17247202814091
p0134,5.22725215772391,-0.073475518982514,0.706668493367039,3.79931080046875,4.11358175462925,0.418586360420715
p0135,3.78402689788038,0.438729587097323,0.934409739021914,2.98543112615329,3.23981759987327,0.262529173958788
p0136,8.44391251942115,-1.7904835312231,0.662730072754544,7.54723227342024,7.55568163200349,0.749701441492256
p0137,2.59384867511536,0.735721127930933,0.891341267412032,0.8772623519376,1.98936811825662,0.160718689903817
p0138,5.65491803947873,-0.254002986207735,0.880667980025169,5.12171474039643,5.14065168843523,0.494675390093874
p0139,2.11795851634206,0.823799120438715,0.918268367874332,0.694232198386015,1.69698117943131,0.158925554318431
p0140,5.01433299736864,0.0128398396446519,0.726831597996758,3.61851920527942,4.02583336079973,0.404782643236906
p0141,8.4482443431965,-1.80059475487096,0.346785992665892,6.87776713410694,7.03471360190164,0.737340193132826
p0142,4.05408450308038,0.354407068479036,0.821263227983075,2.82580351364291,3.26244009173092,0.33528829064607
p0143,3.74137038516432,0.450162214786296,0.860014688035778,2.62129297556039,3.06325707859481,0.317269210800931
p0144,4.42360306952151,0.230896812756873,0.827548888599682,3.33172902154968,3.63613628010039,0.377685267161853
p0145,4.0421823230461,0.358085714885401,0.833137328024634,-0.608914049433826,2.99877518568982,0.206584680848231
p0146,5.11136239432672,-0.0264046014585106,0.789896905360909,4.05160961844803,4.22268608528173,0.434970850893675
p0147,6.96480345880901,-0.904376187811327,0.549063900293244,5.37638158871181,5.49284283325562,0.565073679848043
p0148,7.01844896929047,-0.927948117482112,0.876143107451367,6.52777742862795,6.53394221204142,0.631075564329182
p0149,8.34107028133304,-1.72292434135725,0.548051795674786,7.07450322307493,7.10029617369059,0.705782050807695
p0150,7.00950683845226,-0.923738459755396,0.848013940397079,6.42841554722298,6.44388018302908,0.63141254842635
p0151,6.9167687465543,-0.876258872383381,0.727412867295689,5.98402679463705,6.02411128841289,0.605714803425139
p0152,2.52904866998933,0.748760715841198,0.910008967798773,1.37910113541838,1.97567208639105,0.192535417153357
p0153,7.40660281681056,-1.15610755634288,0.33782744553248,5.50458432485862,6.13752675983199,0.641018518624986
p0154,8.02955743182953,-1.52377132455384,0.685101491701799,7.13565855664339,7.14529106417042,0.709867256754292
p0155,4.36818085383371,0.251799994199084,0.827955513510068,-0.167450560268994,3.18157857633284,0.213774499590898
p0156,7.79652888756384,-1.38807426376287,0.435997790665608,6.27067402889505,6.47352556498117,0.677178678864687
p0157,4.53468089135487,0.192712044095059,0.865067307129676,3.75396238361779,3.82136118765218,0.374168487445195
p0158,4.11116825805158,0.337209241610335,0.854942907212816,-0.0267010546726481,2.97940691824796,0.201612716782879
p0159,4.86267282760477,0.0710435727860433,0.849571671032819,3.97329365948502,4.16926840629367,0.426930191757122
p0160,8.04347804501142,-1.53761789986267,0.444469643325901,6.60600743649143,6.74648554584425,0.701539968229003
p0161,7.61518739943269,-1.27001106641129,0.647970624099858,6.51972649233459,6.54033672925905,0.643803193299529
p0162,8.63218583590667,-1.92267167323612,0.28577685609403,6.9509420190154,7.13983179228128,0.750428862215123
p0163,2.87336686287847,0.675639918090868,0.896156938541299,1.27526654962536,2.25956750225699,0.176460182042039
p0164,3.96874218823705,0.381603458427261,0.880599364909061,3.02362216638428,3.34835277797424,0.346809348322813
p0165,4.88830135276953,0.0627522418391252,0.816706602161764,-1.11723377361737,3.84900454141965,0.274237161546065
p0166,7.34473368763687,-1.119323970452,0.33099935527725,5.40027086966386,6.08633128781762,0.634834068410025
p0167,3.70407244197866,0.460748634941236,0.872598083165643,2.7377248079404,3.09689218600963,0.296238359485891
p0168,6.44565492405491,-0.626297011350688,0.850914217625084,5.87321387993192,5.88495500715053,0.561841082311159
p0169,5.27592877508531,-0.0935611962849472,0.791062363692948,4.25198375538895,4.44102823247061,0.455052134521407
p0170,2.40038399440452,0.773538826140102,0.94522583475698,1.62766650650987,2.05497420946048,0.180082281424709
p0171,6.74905947390021,-0.788222363836275,0.625868401430033,5.36891264255914,5.42753727028436,0.549142060187814
p0172,6.47089966122014,-0.643067762178817,0.731602211198582,5.4791468506621,5.52445731621841,0.561826449531457
p0173,9.16035632106859,-2.28751134755967,0.397925574392057,7.83554592719842,7.89010853450856,0.808606661899433
p0174,7.20748833896284,-1.03952565815961,0.314082616458004,5.11635301055818,5.98280614740647,0.618279674014123
p0175,3.31905535167486,0.568038067308886,0.907069769902637,1.91986181343999,2.70069446517674,0.204023457147666
p0176,3.63850119491659,0.48088744927724,0.935955814740564,3.07794349284505,3.27435523744587,0.285226624336357
p0177,2.83381792531025,0.684507434466858,0.882806384357633,0.374711950172668,2.12768242543321,0.159377570925834
p0178,2.89454269554861,0.67069962177428,0.869507168481612,0.0388283551887947,2.12873263720812,0.155375891808632
p0179,7.58156885737586,-1.25820524029396,0.287981933206275,5.57549225731388,6.2729098024776,0.653892679655203
p0180,3.80054936265865,0.432536413181619,0.872240925994431,2.7605160071577,3.13154412988605,0.289322865165306
p0181,9.15520719157729,-2.28548942826694,0.407376173420855,7.86201146601083,7.91965175530493,0.814086573502469
p0182,3.46944747481447,0.527412848152379,0.852598540865408,-0.959477757575538,2.57772454550227,0.184031354097112
p0183,7.4627751244187,-1.18194217310374,0.629414253403123,6.26056380138216,6.29376701822376,0.625491898956022
p0184,5.24203826088182,-0.0776720521647509,0.825963672940247,4.13659900010938,4.3723558751818,0.392895126519519
p0185,3.2673178285528,0.580600403188036,0.905456918297077,2.17034778943424,2.69304008784343,0.245251616085277
p0186,6.8970080152937,-0.867482208009443,0.589488776040022,5.55753605586484,5.70308264647658,0.596426321417972
p0187,8.72703080743505,-1.98689025138632,0.349885736749883,7.2242523745271,7.33594263161372,0.763648175619285
p0188,9.73797078132887,-2.71249959489442,0.370909252021336,8.45671872222881,8.4859667540846,0.860795176694791
p0189,5.24749270394419,-0.0816253564534297,0.63484428858064,3.50987122617804,4.26452710457351,0.439622018536052
p0190,4.94291985375008,0.0408155071627989,0.882694345207077,4.26901532537074,4.38876969522525,0.441294053926751
p0191,4.34586709640579,0.258132997473736,0.855881452975318,3.37432845528492,3.75322963258406,0.381410112934699
p0192,4.70298703536701,0.131674461084189,0.84456935158067,3.76356287369711,3.9571999438873,0.375000293055191
p0193,7.31424403619602,-1.09377931859561,0.702392145003766,6.33559335460016,6.35581464264316,0.614852158601706
p0194,3.82962193490001,0.424232939398894,0.840051244601331,0.0402396901941319,2.99160431410918,0.218191884735799
p0195,5.33489680612637,-0.116807160472466,0.874429084792275,4.71913297140641,4.80452031343116,0.473259251332567
p0196,7.53940385495051,-1.23315700681191,0.482411661120541,6.07231221189785,6.28691009145964,0.655009420977614
p0197,4.17827109548236,0.314249074976486,0.870740595053977,3.25977059473785,3.56981402835332,0.365359681518298
p0198,3.38028986463244,0.551416910244227,0.890215766781775,1.59735937201343,2.63261432393347,0.196874970511966
p0199,2.45818754182032,0.762642368508114,0.884284447702241,-0.3885192638147,1.71398671691404,0.128556545851597
p0200,7.65234109125158,-1.300561688141,0.347878651310252,5.87663211175786,6.32225611597714,0.664983340071027
p0201,3.54827360713632,0.5053711481959,0.868981542517282,2.34812202040207,2.97855900808095,0.269531364575472
p0202,2.80191681991455,0.691621813855595,0.897978709492072,1.70263410506741,2.2042136009416,0.213727963635637
p0203,8.02965998849213,-1.53121667523151,0.345717430203797,6.36494686779168,6.64275978144914,0.700003335691157
p0204,2.39549522403444,0.774594872214343,0.895072760992217,-0.480875337207155,1.61679219300213,0.118079028316849
p0205,2.97382882338505,0.652619763935074,0.843033725769311,-0.19122413134204,2.25986893560703,0.171033280127633
p0206,4.04672682527531,0.356641534234884,0.85058893064019,-0.9489680244127,3.10061659190403,0.22310898487852
p0207,7.88874681269891,-1.44490100432949,0.283184781683997,6.00418130553353,6.49805218108224,0.68476742271428
p0208,7.00801639496053,-0.929138424441586,0.309684400701978,4.88421343674689,5.87769868317632,0.608615029229131
p0209,3.08652878340677,0.625791338378259,0.84647511893095,-0.682391441000384,2.20639961714646,0.163708160558496
p0210,5.92251272726362,-0.375398323542213,0.817629871116499,5.13668249779032,5.17774946851917,0.524276598309172
p0211,2.21809449179229,0.806743878340836,0.916079867419788,0.59896243161988,1.80696954751075,0.155217750498704
p0212,7.13581127223454,-1.00046959122669,0.425157977373105,5.41191929760592,5.97064422622942,0.619860420198699
p0213,6.69649602670208,-0.761442229138526,0.499929949085913,5.03732843788838,5.55121343688162,0.57703371282847
p0214,3.55415230168912,0.504323634479713,0.893911430954332,2.50502363440121,3.12674107062411,0.259854434909971
p0215,7.00760741867577,-0.925864708200198,0.690078423660634,5.97597817527571,6.01824630038595,0.606265604488832
p0216,3.79077942638725,0.435543858284716,0.882950068200035,2.88120777411571,3.23799148831188,0.325407664878389
p0217,6.92770739462974,-0.885490357498316,0.519505280100259,5.40842436469894,5.76688958750836,0.602828262049493
p0218,7.9672868409359,-1.48537546139999,0.673529877722537,7.02633500331248,7.0362626812692,0.69709357453394
p0219,7.01589673220992,-0.93380028304952,0.480340201113842,5.39401422495718,5.85342605798899,0.605379067705296
p0220,7.00242873433987,-0.925123837636047,0.339056866730844,4.92927347000394,5.86947161862172,0.602630674664631
p0221,4.27830964033593,0.282319804990763,0.920776456650563,3.78850372012256,3.94007740263362,0.360656941675223
p0222,3.44569758854366,0.534370416486898,0.903185514977106,2.09543050726386,2.74279030063416,0.208572486558187
p0223,3.68132806549694,0.467668437649357,0.844930038434972,-1.86712989475329,2.80729347145449,0.209904135741664
p0224,3.65681613253056,0.47473384124295,0.810378159873969,-1.65361597547557,2.64070283540628,0.184129306903114
p0225,4.8248619386333,0.0854340569461312,0.892144621704693,4.19181294514842,4.26213482234337,0.427259426265868
p0226,5.11098571648154,-0.0244613580308344,0.851332622594899,4.35542167258213,4.39111778479669,0.425378071076627
p0227,3.24334344746271,0.586732623499375,0.868137609221985,1.97265221005283,2.69543419883061,0.249146241828132
p0228,9.54077866079663,-2.5631442328551,0.371190620939301,8.20515688794413,8.24519158808161,0.840012123540451
p0229,5.32707792971635,-0.114867726969107,0.734938040287369,4.07942848139244,4.25187369471453,0.435087686004185
p0230,7.92657977562797,-1.46004340431638,0.711697552878555,7.08387281569407,7.09621065874556,0.704373517732046
p0231,7.47405559553958,-1.18854345415301,0.617517985733442,6.25325828360894,6.28742652575425,0.626699934538706
p0232,9.14817825954651,-2.28044648027934,0.348469659749374,7.74074428003763,7.81479649822199,0.807866987902333
p0233,6.96527953270826,-0.902232668914955,0.688338293426179,5.92147775698202,5.95850086221513,0.604627952731866
p0234,6.18973921803736,-0.502556983302272,0.80045412069676,5.32616420045585,5.36126045101459,0.506875739895903
p0235,7.32537004844489,-1.10816393921768,0.381289280174314,5.52556873081593,6.08056618045968,0.634400352592066
p0236,7.42286686352411,-1.16310874813611,0.527774445725678,6.05220117214986,6.24632115064331,0.648859945232689
p0237,6.28627404928448,-0.547240127380486,0.86045681863538,5.72989305059953,5.77658555143161,0.557216003946798
p0238,3.65138960952236,0.476578735568368,0.927473881656894,2.99267347014578,3.33107532237934,0.284634660517395
p0239,5.89928025684147,-0.362848056354251,0.848933164220996,5.25722035187924,5.27342134372995,0.509461695168196
p0240,3.1436808529085,0.611740453081361,0.892884603799975,1.64391156986559,2.54591733176489,0.208225739700607
p0241,5.4539922064749,-0.168622569512629,0.776995478338846,4.42743909636578,4.54197837157198,0.466419791327481
p0242,7.89231620150557,-1.43926135424414,0.582541184657406,6.58431163629033,6.6108368766453,0.655963196805047
p0243,4.04761283800787,0.35635978247898,0.792054637456153,-0.576823077719074,2.97116774607149,0.2025745905722
p0244,3.89236088711863,0.405499337302347,0.875728358914802,2.66922099893695,3.3227322640234,0.275428544904516
p0245,4.40913802675793,0.236247521669316,0.859528627339509,3.56877127967859,3.64495093952091,0.358308777327456
p0246,7.61547050397548,-1.27844591681471,0.341173869604756,5.77900155403887,6.30301654772036,0.657412282894876
p0247,3.1815636389552,0.602586600824116,0.870017057924943,-0.453642356260785,2.35395849984321,0.167900106571405
p0248,3.05043076430378,0.634432492205985,0.891251518808727,1.18691469133055,2.31689804173716,0.173156419696085
p0249,3.74914526492517,0.448680944345646,0.884507344012645,2.06638454813409,2.90562660405283,0.214219476765149
p0250,5.91598709693846,-0.372589535302482,0.898611757327242,5.45223460558441,5.47028434547478,0.532335503351669
p0251,2.09068497197638,0.828307878090384,0.916184541622649,0.531146477740045,1.51988005135011,0.139062169529665
p0252,7.86505992374319,-1.42850545408982,0.387648041797067,6.26300898305575,6.54261616011918,0.686175073258825
p0253,8.88255662446496,-2.09271349205392,0.409046547604917,7.5416082384872,7.61693155197791,0.783824964566676
p0254,5.38727391920603,-0.14001689907066,0.721161620470805,4.04770438437845,4.60612811595247,0.474352972424987
p0255,4.16803441077799,0.317491860485889,0.812464471006018,-0.90008085122111,3.14653323848441,0.223579702519872
p0256,7.57828148123323,-1.24838637739078,0.665627855146234,6.54720676655417,6.57774929645019,0.647587070995404
p0257,4.26625205360504,0.286195522326343,0.885582316345261,3.18980162580832,3.70347179854924,0.304623782107296
p0258,5.67251886195654,-0.261938367183222,0.886291104201543,5.15373186588182,5.18754270738917,0.503741985586708
p0259,3.97227042291968,0.381180685409439,0.905435210939989,3.11261282734033,3.51538738452287,0.298229236212882
p0260,3.00815241505372,0.645073732738103,0.918309757924069,1.25292871922895,2.29435364923784,0.169487878054182
p0261,4.52794051488819,0.194535008716408,0.867903737733165,3.76978098775309,3.88170452194032,0.385872432447579
p0262,6.70389102647364,-0.759222116450378,0.803828639477548,5.9917750812643,6.00399251966673,0.576318242843393
p0263,6.15149293393294,-0.484045807047527,0.857209742063408,5.55314856871655,5.55702400084999,0.51965609261032
p0264,7.38463428694032,-1.13867223865751,0.684490776931027,6.40016674047829,6.42170726638069,0.645757337308494
p0265,5.97529180858404,-0.399529180807964,0.825486405628065,5.20702998009684,5.26487640004001,0.49985011850519
p0266,7.27004873644196,-1.07281666578077,0.632577956318887,6.0811257494275,6.12267952622738,0.611150231974316
p0267,2.96850509281658,0.653862406693514,0.844610773925132,-0.821178774525222,1.95670718638283,0.137701262154107
p0268,4.09217153687714,0.342219743824881,0.805125947705454,-1.69277124251081,3.10334841227219,0.222292103767728
p0269,8.32075941940795,-1.72001421769481,0.223055250045734,6.3611125952174,6.80401007785423,0.71824072076154
p0270,3.02984844087036,0.639408917321135,0.869603858426872,1.66085556008581,2.59418757898867,0.234723133913766
p0271,7.65008250984339,-1.29518916884074,0.592245435102575,6.43331939550021,6.46609167014888,0.657040666828124
p0272,2.71229314910661,0.71103421243957,0.874039697624074,-0.0591916471427909,2.04401893608703,0.153025252353388
p0273,4.78499804504295,0.100096711224191,0.836089920151279,3.81477693671366,4.07178807334011,0.418595874259414
p0274,6.5708914880205,-0.696265519338805,0.637361073973097,5.29734447764613,5.43708722455226,0.569170269851872
p0275,8.61050024323233,-1.90217469267352,0.539248851155026,7.37232162819039,7.39342419985406,0.731303496503807
p0276,3.47471267578062,0.526006038885268,0.855876589176541,0.691108145156823,2.58740259542378,0.181977194503943
p0277,7.258499314322,-1.06623601694601,0.621850673458352,6.00735751364125,6.0447498379266,0.604160969989076
p0278,6.58467662572017,-0.703107557595025,0.441397824900298,4.68675216637176,5.52126638795786,0.565753013776593
p0279,5.67328307609499,-0.260989393642348,0.850147156866184,4.98330123528162,5.00759344666925,0.476812971817161
p0280,3.94908722148883,0.388523195921645,0.849986976106511,0.704278540029828,3.01472183846978,0.216149977989736
p0281,5.34248151857788,-0.121138405552746,0.659894671889712,3.753196304348,4.55231845613028,0.46644276974128
p0282,5.59087693910841,-0.225593365909077,0.848586164831996,4.90341833767035,4.96620933899756,0.475183352665644
p0283,4.61778896591561,0.162390997645427,0.841195782689496,3.66642491168954,3.9499010255419,0.402540130751897
p0284,2.74800096342616,0.703375557957393,0.900757900290761,1.58446652461596,2.21153273423292,0.221067706612925
p0285,3.88199252390377,0.408917832844198,0.839543689231959,0.796711974308054,2.88674206944879,0.201362112973143
p0286,7.66717176371102,-1.30545490907504,0.564366324498869,6.31688767757129,6.34353933087807,0.639345326486254
p0287,2.88617175526023,0.672796818691392,0.865691945545944,-1.06327935283769,2.07221232219869,0.160207377829126
p0288,5.69447832738343,-0.273952197663444,0.79719526853735,4.77837779446475,4.91076296377437,0.499999442917278
p0289,3.59365203049841,0.493524674364887,0.92058771556254,2.54736922644924,2.96963205763136,0.229884903625236
p0290,4.16707835440813,0.31791812942809,0.849437057026258,3.09569227179696,3.5130263263882,0.362032869381508
p0291,5.87019586260299,-0.351423389855599,0.843665385388731,5.20531998136015,5.23710120492802,0.509862823417041
p0292,2.8477842906691,0.681442853136081,0.87734739313287,-1.35509530560054,1.9395528944867,0.141093433126285
p0293,3.97637676665971,0.378815945949537,0.80800104089691,2.52067304843768,3.33889619564321,0.307391990146199
p0294,4.29370641087336,0.276231458681681,0.888970394066884,3.61434295305068,3.68894057933978,0.366243297693451
p0295,3.86101491872423,0.414433622055089,0.837951764498741,2.6535417437015,3.11837618515244,0.322161434861423
p0296,2.6669004837604,0.720625480630904,0.8812803166099,1.19409367485168,2.19328387246803,0.202312527018658
p0297,3.23752329498158,0.588037093443846,0.858152539252163,1.83923060844611,2.63026950406616,0.244128508364231
p0298,4.20033207119174,0.306992089341109,0.852634205278553,3.26398091432092,3.44089636949526,0.341959846102187
p0299,2.79533309968854,0.693069316077766,0.859860565798894,0.40383970386622,2.26474217170629,0.194209156963372
p0300,3.37838138044342,0.552457962208307,0.9217546004076,2.10080981610871,2.76513743625388,0.216730520644619
p0301,6.43383527436742,-0.625971945183559,0.517406527626863,4.75281623654368,5.42912211600661,0.55968573952721
p0302,5.28898002342795,-0.0970592930453653,0.854860452584176,4.59402096473326,4.63869797535115,0.453187703967584
p0303,6.45526478886937,-0.63513745225905,0.616876533715991,4.97910771083018,5.06823989128875,0.519848531565813
p0304,3.59716446746625,0.491646482242396,0.831836656869708,-0.489579742263055,2.60273404287877,0.180181482292767
p0305,6.82058188368329,-0.826434620893834,0.421464731833302,4.98002549460774,5.70241938361454,0.592513189142406
p0306,6.39022628487626,-0.604270945022698,0.650001691905404,5.0556003571371,5.13733001456427,0.523999817858589
p0307,4.03801784411047,0.360853835465851,0.923088637303172,3.26415058973166,3.57070284139257,0.297340557567588
p0308,4.04230470668167,0.358046844301678,0.797592811668636,-0.757569239645124,3.06846402666538,0.212613467160278
p0309,6.81583773799095,-0.819231081861229,0.816088132846523,6.14737411645108,6.16235985328286,0.603478303217883
p0310,8.50426156107754,-1.83634767850292,0.419409365485404,7.11710670424289,7.22044445773197,0.747392117892121
p0311,3.52497039989446,0.511846741737958,0.888165986001373,2.3926775885457,2.9816160907586,0.272889924327036
p0312,3.17879115707036,0.603085316606727,0.849491272674652,-1.05087478804919,2.26044559954279,0.160574740458496
p0313,9.3655650664888,-2.43996653883381,0.255201378227873,7.77681652956423,7.87527835208478,0.820292722771842
p0314,9.1102345308636,-2.2549577983801,0.349914430947549,7.68681608189493,7.76377926988667,0.802809441193896
p0315,6.16490524493254,-0.490385967293266,0.860765738231651,5.52888723711444,5.55620993278774,0.555875912623863
p0316,5.68656730169537,-0.267905548093236,0.873095617496909,5.06743125912737,5.10993478820449,0.506016904354274
p0317,4.4315784038765,0.228453477632297,0.882695795312044,3.73813279706243,3.79939171602867,0.368514339751934
p0318,3.23355937593716,0.589290401076767,0.877451314523256,2.0956139707849,2.59769376937103,0.262130587170657
p0319,6.65383000516824,-0.73906804576781,0.423902729142972,4.73989961337149,5.56477069647959,0.574532390083147
p0320,7.83183271519736,-1.40059456364535,0.582179792542966,6.55754981134895,6.58413494362357,0.656217614422846
p0321,3.49847319726109,0.519237842979897,0.905576189550904,2.72269782204468,2.9788022745652,0.296433336596405
p0322,3.94878103714349,0.387509611517871,0.840331896199709,-2.59598881450938,3.13424773472428,0.239109826071595
p0323,4.69760561889651,0.133041417553342,0.846530076806718,3.80272619896284,3.93610734732387,0.405965710199752
p0324,6.36804116753,-0.588745197263179,0.886873048831269,5.88396364206553,5.89132320274321,0.572654154829656
p0325,3.77664993493837,0.440320234853234,0.897767567088259,2.88019469927539,3.18966723006636,0.282928160524351
p0326,8.06463975259355,-1.54807654679169,0.606624176371945,6.9467318997371,6.96532823680533,0.696225130878147
p0327,8.03291377194714,-1.53507874359427,0.209437097861969,5.95223985034064,6.59610457813028,0.693788653086499
p0328,3.49785810503107,0.51940688076001,0.851286479666931,2.28323145059837,2.69359069022658,0.271386153287941
p0329,3.98740141123554,0.375366661619983,0.87745237939035,3.16616545550432,3.28682277200725,0.323096731856772
p0330,2.42554624107122,0.768904073633619,0.89205639414791,-0.470908609877595,1.74964797991857,0.132140144947061
p0331,5.84632398590591,-0.342798976375632,0.673806306442078,4.46503760689157,4.60214674083436,0.472838375769574
p0332,3.04827058985953,0.634950064993632,0.887245716478286,0.914388250511771,2.39302216471529,0.181216234805086
p0333,7.21626781034673,-1.04449739365752,0.406688349090109,5.41507100605557,5.94089348424369,0.618116083196353
p0334,3.55813698416178,0.503221643312205,0.921081746924417,2.75595372239029,3.06907827669584,0.261166138508701
p0335,6.54362034024482,-0.677562515629464,0.835344747222625,5.89917469913114,5.92051285823108,0.580114967734813
p0336,4.29826845586948,0.274174341535963,0.850347668213088,-0.659558570429042,3.30451049537285,0.236474772615632
p0337,3.1411598076807,0.612639729672856,0.910957673128143,1.61988465128974,2.45888570265701,0.183341532250352
p0338,5.17449814613849,-0.051743034361782,0.630500269903781,3.30219432020901,4.05202690011193,0.405814580314409
p0339,4.36509599508754,0.251553484346371,0.811923289189502,3.15541983159691,3.71609920725818,0.374869683685614
p0340,3.84836304461091,0.419114496191283,0.84766318678125,0.490141479295845,2.95959147517038,0.211402901813659
p0341,5.28840926444202,-0.0969544198935883,0.901471358272381,4.75246197701299,4.80205793927526,0.475021374946745
p0342,3.59984176965543,0.491717343185985,0.873662959029873,1.27898969778682,2.65585999053367,0.187441513258187
p0343,2.02629443374713,0.838720831442678,0.92662603075239,0.464423741932872,1.58729542807212,0.130195702436644
p0344,4.06727410942468,0.34981163441425,0.799020067987325,-1.27324990331513,3.07066155633282,0.21819115681205
p0345,6.14620243084888,-0.479323314483579,0.884703707835334,5.63001611027857,5.64069413867778,0.553180787051958
p0346,6.49326595728981,-0.655341714720066,0.461154772963848,4.65591532782783,5.50072288019676,0.565105221918672
p0347,3.25751864533694,0.583181493240342,0.850103443889734,-0.698329737652341,2.33276478164755,0.162353486967371
p0348,4.60399895888328,0.167248014162302,0.8949706011047,3.97692252207807,4.05161682352439,0.402274517857516
p0349,3.95898240846546,0.384641193175984,0.819586863667667,2.54638553191217,2.97807325329299,0.288647797285908
p0350,2.54331265379776,0.745918715062168,0.872834853995737,-0.10540697844085,1.893439227218,0.160644243410586
p0351,5.12015117846013,-0.0297664574229153,0.723732529718751,3.7103376467179,4.38952098988357,0.448737138347508
p0352,7.58240415443587,-1.25360386169513,0.678326175050826,6.61172854710079,6.63084096009335,0.666665863695567
p0353,3.68337359525771,0.466988248138924,0.892552968169859,2.89090157551226,3.08123953771625,0.307530258992493
p0354,5.22820041400605,-0.0736868332115641,0.699206106273468,3.77540756763215,4.30275972372362,0.446487743812222
p0355,3.74317280949245,0.449540972592806,0.918582295073198,3.14521883929847,3.27598312678091,0.323838291062126
p0356,4.18404054326445,0.312730960752112,0.838379280281388,-0.249018450541502,3.2376480837033,0.233661196319177
p0357,8.18119335466752,-1.62639145786804,0.409487996420296,6.70598869672726,6.85724974120392,0.717175838790402
p0358,6.74829643685485,-0.785971610009326,0.824404306861316,6.0799275266091,6.10426611599211,0.604891949287015
p0359,4.06188646781132,0.352586569898117,0.824241700800138,0.310022570296339,3.193440037243,0.231759697424645
p0360,6.07275216721461,-0.446470506865703,0.793661198085075,5.22683798133499,5.27658402161742,0.531520938439499
p0361,6.20432728658148,-0.512288474243293,0.636747045009349,4.80300049028665,4.97931382492222,0.513541485483974
p0362,6.2935845271389,-0.555855687907385,0.445291992507313,4.2444983671975,5.16268068014713,0.532699821648098
p0363,7.51744378563755,-1.21858151339415,0.567972051669971,6.2643572283213,6.37735198624492,0.660363720444112
p0364,2.59806575640029,0.73486109977138,0.902602973555758,1.30203646440432,2.1256062181672,0.188778472615836
p0365,7.9180609090072,-1.463104966499,0.303382047353969,6.1069293726158,6.52246549526607,0.688808413111931
p0366,3.27627962968382,0.578800287007871,0.898289015998921,1.74409017790414,2.63326882410117,0.204836100612159
p0367,5.22093217328578,-0.069011432203776,0.846141790016307,4.31592169189314,4.49398909112927,0.408777579699466
p0368,5.18623967595968,-0.0566968434929154,0.820115069875585,4.26863318355963,4.38306260246946,0.451746459222681
p0369,5.22413567539376,-0.0704524055528224,0.879746677426017,4.61923570186703,4.68199395781361,0.459555973910875
p0370,4.37761878635786,0.247620150842007,0.834419993540694,3.32318498642028,3.64443762192868,0.374586257373359
p0371,3.14541619347172,0.611311689136228,0.871974441704438,1.74469204214522,2.55758385461561,0.228745893975528
p0372,3.47233001039906,0.526317618905323,0.855978732178268,0.336416324880006,2.58781126617999,0.181610240169811
p0373,5.85996405389779,-0.346716407264401,0.837068022924074,5.14817885983319,5.18818955908459,0.513221005591192
p0374,3.53970287931129,0.508617296381092,0.936782963581024,2.56507631106899,2.84945973739069,0.223031197691553
p0375,9.25364154585204,-2.35480955196889,0.427900629206,8.00255968255085,8.05524091965873,0.820340216496766
p0376,6.84655297475056,-0.840370326118842,0.378567894801228,4.8371849867958,5.72909793143892,0.588296292854062
p0377,7.6050214523619,-1.27219777601249,0.254810825634043,5.54004728135172,6.27742812616759,0.659133828477114
p0378,7.59329510673761,-1.25697276585044,0.780263756675036,6.88668219341739,6.89814503060046,0.67835817295195
p0379,6.47799905600026,-0.645963606451145,0.806822505830115,5.71900094013379,5.7649690268512,0.576594727100306
p0380,4.38930498872061,0.243597781837099,0.842617738536027,3.35125962899255,3.66648042551707,0.379773457386506
p0381,4.53684927228796,0.191496554735529,0.769343100984663,-1.94549741257908,3.41709175945944,0.243239655051462
p0382,7.09582904307902,-0.974477678826023,0.557476822072301,5.52061574184466,5.61166017957263,0.57260852938903
p0383,5.69401086942115,-0.271518932194989,0.78952282742249,4.7444000834435,4.79252339448031,0.470781934203047
p0384,2.01180059307025,0.841097349919272,0.930471534993827,0.618651592985189,1.54947453616122,0.126379118674656
p0385,6.86099999351289,-0.846346916500787,0.599360006717384,5.43788230356388,5.51627397177058,0.562413288922437
p0386,8.10296727728348,-1.57764545492471,0.346897185525806,6.4508808494166,6.70477307683157,0.705887215195297
p0387,7.67938639068638,-1.31785011806889,0.261108917736352,5.66077243623724,6.34805301107548,0.666445723867401
p0388,8.76372229360124,-2.01051595889579,0.429483270599703,7.42923548967341,7.49228053029959,0.770124160443413
p0389,5.48426098305697,-0.180786118261415,0.856674524084408,4.79183897286571,4.85609979969908,0.483769203041605
p0390,4.6407266994831,0.155386083552491,0.895513565519369,4.0566513970303,4.12876576090549,0.390294145164721
p0391,5.27003612321101,-0.0911197771189334,0.862096407862676,4.54122213081484,4.64317204885623,0.467733917141162
p0392,4.14797716895099,0.324044730296307,0.908068260416782,3.54727329670828,3.66101223860967,0.36185646107756
p0393,4.50966463074299,0.20102399719172,0.879678340052475,3.75783920165943,3.92485141798145,0.392380597411679
p0394,4.2256292729502,0.298499429768923,0.890005417148953,3.51791722232568,3.73752107023606,0.350058407865713
p0395,7.60792854904184,-1.26880186224028,0.674764745201634,6.63148446933271,6.65146869558144,0.668653229322386
p0396,3.16785785347571,0.605745539677493,0.870028914823472,-0.146379031855842,2.26982462098804,0.159876259307019
p0397,8.96740728186084,-2.15369752496594,0.340088469133737,7.49536911174449,7.58288616926804,0.788191152804204
p0398,5.84778814167621,-0.340438768424183,0.849642651913998,5.18994092732184,5.22496048732825,0.497961316872957
p0399,2.87557489551659,0.675195124267841,0.8526149294634,0.703076356192601,2.3101389708926,0.192850052368466
p0400,3.1996206349504,0.597866595229565,0.836782321942746,1.14057971534796,2.60287379657915,0.223891525624302
p0401,5.57363188580661,-0.220455103051273,0.827965228496066,4.75638343973623,4.84166328914868,0.491501233305638
p0402,4.15932859819041,0.320340005214554,0.835600573993735,3.00637181857086,3.45337761421231,0.325603425929502
p0403,6.26804598396493,-0.539241889319717,0.891951917880013,5.76197968919723,5.77863142465823,0.566845847438295
p0404,9.23355175450284,-2.34367318871726,0.333934433971661,7.78246624395307,7.85518369036922,0.812182480895611
p0405,3.84097303855818,0.421412875893267,0.884009198467781,2.13978031543045,3.04548201171329,0.225324105964164
p0406,5.6147270447726,-0.237709068563977,0.65906592957612,4.10351889225042,4.51800017780226,0.454981968256886
p0407,7.28963822404236,-1.08007375637545,0.702787975350675,6.32762808062273,6.3499251404538,0.623760193018186
p0408,7.8524421759422,-1.41799520416824,0.512770228688389,6.46052004855123,6.54210686814856,0.666446406241624
p0409,3.19705895822309,0.59851024866769,0.87889646831287,2.04187598497224,2.66620876774659,0.262970543028614
p0410,4.42351966561519,0.231257010612711,0.800058649253457,-1.67934674877146,3.46963293545408,0.247495385699267
p0411,7.46298845786791,-1.18456015188402,0.556976642184532,6.00192900448583,6.04857045079266,0.609650302851202
p0412,5.4712713917823,-0.173985580075154,0.85595106707994,4.80075655344319,4.8186524824637,0.464191127889702
p0413,7.72617965841652,-1.33987859678154,0.719584080977907,6.88096032967454,6.89192650469669,0.686033226897895
p0414,3.59010943867365,0.494603930125844,0.90108082945735,2.3012033804209,2.91442342912139,0.225609047722427
p0415,9.38966513081732,-2.45167334497967,0.450773881329157,8.20421858601735,8.23103859374854,0.83114132556633
p0416,3.70709361422309,0.461167674590074,0.927970746736586,2.79080204038824,3.081035895199,0.248851246920519
p0417,4.21824276665063,0.300949767566971,0.872659889080677,3.40031958635425,3.59336092674475,0.342763826117429
p0418,3.63275602303914,0.481537074004462,0.841620235603303,-0.561520802488703,2.67053254198634,0.183132382036809
p0419,3.92997802292939,0.393228062461973,0.896959145343522,3.22312686119568,3.41544303741505,0.324972129934436
p0420,9.09225847022598,-2.23601354129214,0.44105155972281,7.83088807888713,7.86298331266074,0.801148442564881
p0421,3.78733802516807,0.436474750469938,0.866829489404493,2.74630081960837,3.13143598293808,0.292444743877162
p0422,2.72684328905274,0.707925573401758,0.872474302189915,1.15932163800843,2.14490676819503,0.207341557569769
p0423,4.79674467580515,0.0962124023580806,0.770248323829473,3.50880600050962,3.99044032988141,0.412032056153062
p0424,5.74594497433251,-0.297084199189889,0.801423759677302,4.87342897532052,4.95965644095826,0.502505088602692
p0425,2.55853193423762,0.742868752435003,0.86995525091852,0.285197626037301,1.9892287717722,0.168350324480601
p0426,2.39945069640941,0.773849873982299,0.924444869367403,1.42786208994935,1.89686801064591,0.18530191785453
p0427,5.90285297436106,-0.365106260373342,0.826133756967818,5.07568700229482,5.22672898798633,0.482692187380982
p0428,5.31639047899406,-0.108459909791336,0.837930554021171,4.54053045951529,4.65015122021413,0.452921323407204
p0429,4.12293954530853,0.333346473455186,0.893536412490354,2.98735255834197,3.44593439318127,0.278027772849667
p0430,4.15922244746197,0.321479826781876,0.909870212352859,3.51667770846481,3.79601107553652,0.336533749174109
p0431,4.38408571109523,0.244902006925341,0.884914431664465,3.68416346548954,3.79530908926247,0.375996834707796
p0432,3.43985470919046,0.535213642665516,0.846720256377949,2.14975639904167,2.68084816265091,0.266096256713157
p0433,4.06006323350319,0.352394037530623,0.867432075274857,3.1754398017588,3.44379652974264,0.344031738143582
p0434,4.6441360247062,0.152665076336891,0.843462358109558,3.70225906967495,3.88317181419802,0.402868861416054
p0435,6.76180221342348,-0.792715864612675,0.712478299209679,5.75779279141345,5.82172297494501,0.590290135084551
p0436,5.25260116894836,-0.0839121774481799,0.712697140077428,3.87142628519305,4.14715675875676,0.425112967456334
p0437,8.18741587888335,-1.6335340948717,0.285680487311937,6.39692414035268,6.73109052421319,0.711748027679074
p0438,7.63177509498322,-1.27990571963146,0.623873966518754,6.43970732084614,6.46300141152242,0.640442289460665
p0439,4.25231370515535,0.290852069906997,0.923317276004968,3.78327443364688,3.84740882472313,0.36246761727757
p0440,3.35388148599099,0.558156370913808,0.874194164721832,2.18269813303847,2.83732712756051,0.28109714555785
p0441,3.4737306560176,0.525935400071878,0.839766028845633,-0.00263612402710148,2.55994380355985,0.178247129822799
p0442,4.22330477839713,0.299271000414559,0.819344435548107,-1.20821784717671,3.22637182820696,0.227437377089547
p0443,3.58821485455594,0.495056103782028,0.932822263449574,2.45778524811407,2.90924192925648,0.225263535655746
p0444,2.59663115162434,0.73515382871024,0.887775331708751,1.13942241690486,2.14676236864695,0.188293293861276
p0445,3.0881910060042,0.625326004947234,0.8826093972675,1.44963959734045,2.50750984078529,0.19826523210647
p0446,5.70667771955912,-0.279416469874471,0.857665960329296,5.0012366583367,5.07622797708807,0.512853979064381
p0447,4.82728385105938,0.0851693956952441,0.891652720633066,4.25216245109997,4.28381521945503,0.414828034183157
p0448,7.1927846973247,-1.03341691079471,0.412388625259553,5.41033666420847,5.83895988750468,0.617314560136888
p0449,2.61988226970412,0.730389547981035,0.869738173635229,0.578176401172728,2.128664674365,0.199024494374897
p0450,7.06352495656548,-0.956273190080827,0.721448156586444,6.13533527752924,6.17504910012797,0.622074920008959
p0451,7.36589091577389,-1.1278294389193,0.732451438546443,6.50796990823012,6.54611434614325,0.653024370452469
p0452,3.42581004102786,0.538924761678042,0.903196499857221,2.36454904975556,2.91208322699599,0.240863116717752
p0453,5.02767055557638,0.00693227361446946,0.822918308024252,4.09743973974767,4.23896776461982,0.4339009002223
p0454,2.50334366180849,0.753961979217577,0.899961986504864,0.0313679376876372,1.92243898992096,0.14093023563516
p0455,7.34904205492091,-1.12181105970126,0.4573176308617,5.79324920350084,6.16153229161948,0.643904679608108
p0456,4.74420785241232,0.117192765224442,0.856948975406653,3.86740150762254,3.96527630300454,0.367349091078336
p0457,4.15588758174668,0.321576699382013,0.796637235234802,2.82302726508876,3.28300904911882,0.327371970835502
p0458,5.82068832563919,-0.328724483874563,0.842901330504894,5.13172722618973,5.137568216125,0.494462995586242
p0459,4.72754324710339,0.123004905325844,0.81147050727299,3.57498490200867,3.85364594854357,0.370996947943047
p0460,3.9437188356047,0.390101127500481,0.824798345420869,0.389690058504885,2.97531622556968,0.206393061468671
p0461,2.91784820684624,0.665575132776307,0.877658472295649,-0.350346062912604,2.14389226643144,0.154543907873549
p0462,9.14297034676557,-2.27504407109181,0.415640484786374,7.82779004200595,7.86939732172918,0.804222902610525
p0463,3.18988854842952,0.600242829476675,0.892051319909489,1.68362833088872,2.52108327017331,0.199189382269747
p0464,4.41094398258137,0.236864683320477,0.845894091767129,-0.625346814935538,3.36982885365314,0.235332487766042
